50609,ARQUITETURA DE COMPUTADORES I,default
50487,COMPUTADORES E SOCIEDADE,default
50298,CULTURA RELIGIOSA: FENÔMENO RELIGIOSO,default
50286,LABORATÓRIO DE INICIAÇÃO À PROGRAMAÇÃO,default
47045,INTRODUÇÃO À CIÊNCIA DA COMPUTAÇÃO,default
47049,SEMINÁRIOS I,default
50612,LABORATÓRIO DE ARQUITETURA DE COMPUTADORES,default
47044,ALGORITMOS E ESTRUTURAS DE DADOS I,default
50611,ARQUITETURA DE COMPUTADORES II,default
50614,ARQUITETURA DE COMPUTADORES III,default
50486,CULTURA RELIGIOSA: PESSOA E SOCIEDADE,default
50290,FILOSOFIA: RAZÃO E MODERNIDADE,default
47047,COMPUTADORES E SOCIEDADE,default
47048,LABORATÓRIO DE PROGRAMAÇÃO VISUAL,default
47051,ARQUITETURA DE COMPUTADORES I,default
45653,CULTURA RELIGIOSA: FENÔMENO RELIGIOSO,default
47050,ALGORITMOS E ESTRUTURAS DE DADOS II,default
50291,GEOMETRIA ANALÍTICA,default
50292,CÁLCULO I,default
50610,SEMINÁRIOS II,default
50616,SISTEMAS OPERACIONAIS,default
50359,CÁLCULO II,default
49813,INTRODUÇÃO À PESQUISA EM INFORMÁTICA,default
50364,CÁLCULO III,default
50566,MATEMÁTICA DISCRETA,default
52715,ALGORITMOS E ESTRUTURAS DE DADOS III,default
53114,EMPREENDEDORISMO E PLANO DE NEGÓCIOS,default
47065,ENGENHARIA DE SOFTWARE I,default
47068,LABORATÓRIO DE DESENVOLVIMENTO PARA DISPOSITIVOS MÓVEIS,default
49817,ESTATÍSTICA E PROBABILIDADE,default
50613,ALGORITMOS EM GRAFOS,default
53098,ÁLGEBRA LINEAR,default
53100,BANCOS DE DADOS,default
47072,ENGENHARIA DE SOFTWARE II,default
50615,PROJETO E ANÁLISE DE ALGORITMOS,default
50617,FUNDAMENTOS TEÓRICOS DA COMPUTAÇÃO,default
50618,LINGUAGENS DE PROGRAMAÇÃO,default
50619,LABORATÓRIO DE PROJETO DE ALGORITMOS,default
47078,ENGENHARIA DE SOFTWARE III,default
50621,REDES DE COMPUTADORES I,default
50622,PROCESSAMENTO DE IMAGENS,default
50623,COMPUTAÇÃO GRÁFICA,default
50624,LABORATÓRIO DE PROJETO DE SISTEMAS,default
52714,COMPUTAÇÃO PARALELA,default
50625,COMPILADORES,default
50626,OTIMIZAÇÃO DE SISTEMAS,default
50627,INTELIGÊNCIA ARTIFICIAL,default
50628,TÓPICOS EM COMPUTAÇÃO I,default
50629,REDES DE COMPUTADORES II,default
50630,LABORATÓRIO DE REDES E SISTEMAS OPERACIONAIS,default
50631,TRABALHO DE CONCLUSÃO DE CURSO I,default
50632,TÓPICOS EM COMPUTAÇÃO II,default
50485,FILOSOFIA: ANTROPOLOGIA E ÉTICA,default
50633,COMPUTAÇÃO DISTRIBUÍDA,default
50634,TÓPICOS EM COMPUTAÇÃO III,default
50635,MODELAGEM E AVALIAÇÃO DE DESEMPENHO,default
50636,TRABALHO DE CONCLUSÃO DE CURSO II,default
50637,TÓPICOS EM COMPUTAÇÃO IV,default
53940,SEGURANÇA E AUDITORIA DE SISTEMAS,default
47046,GEOMETRIA ANALÍTICA,default
47052,CÁLCULO I,default
47053,MATEMÁTICA DISCRETA,default
47054,SEMINÁRIOS II,default
50357,ÁLGEBRA LINEAR,default
50499,ALGORITMOS E ESTRUTURAS DE DADOS III,default
50160,EMPREENDEDORISMO E PLANO DE NEGÓCIOS,default
50638,BANCOS DE DADOS,default
46856,GEOMETRIA ANÁLITICA (Virtual),default
45374,CULTURA RELIGIOSA: PESSOA E SOCIEDADE,default
45371,FILOSOFIA: ANTROPOLOGIA E ÉTICA,default
47058,ÁLGEBRA LINEAR,default
47056,ARQUITETURA DE COMPUTADORES II,default
47057,CÁLCULO II,default
47059,EMPREENDEDORISMO,default
47060,INICIAÇÃO À PESQUISA EM CIÊNCIA DA COMPUTAÇÃO,default
47061,LABORATÓRIO DE ARQUITETURA DE COMPUTADORES,default
47074,LABORATÓRIO DE PROJETO DE ALGORITMOS,default
39927,TÓPICOS ESPECIAIS EM ENGENHARIA DE COMPUTAÇÃO I,default
49922,TÓPICOS ESPECIAIS EM SISTEMAS DE INFORMAÇÃO: APLICAÇÕES HÍBRIDAS (Virtual),default
47551,FILOSOFIA: RAZÃO E MODERNIDADE,default
45716,CÁLCULO I,default
45717,GEOMETRIA ANALÍTICA,default
45890,ALGEBRA LINEAR,default
45754,CÁLCULO II,default
45721,LABORATÓRIO DE PROGRAMAÇÃO DE COMPUTADORES I,default
45905,ESTATÍSTICA E PROBABILIDADE,default
45891,CÁLCULO III,default
45746,INTRODUÇÃO À ENGENHARIA DE CONTOLE E AUTOMAÇÃO,default
45719,LABORATÓRIO DE QUÍMICA GERAL,default
45750,FÍSICA GERAL I,default
45755,LABORATÓRIO DE FÍSICA GERAL I,default
45718,QUÍMICA GERAL,default
45720,PROGRAMAÇÃO DE COMPUTADORES I,default
45898,LABORATÓRIO DE SISTEMAS DIGITAIS,default
45904,EQUAÇÕES DIFERENCIAIS,default
45903,FÍSICA GERAL III,default
45902,LABORATÓRIO DE FÍSICA GERAL III,default
45893,CÁLCULO NUMÉRICO,default
50788,ESTATÍSTICA E PROBABILIDADE,default
43577,FUNDAMENTOS DE CÁLCULO,default
43586,GEOMETRIA ANALÍTICA,default
43578,CONCEITOS DA FÍSICA,default
43582,"EDUCAÇÃO, CIÊNCIA E SOCIEDADE",default
43580,FERRAMENTAS COMPUTACIONAIS,default
44984,PRÁTICA DE ENSINO: ESCOLARIZAÇÃO,default
43585,FUNDAMENTOS MATEMÁTICOS PARA ASTRONOMIA,default
43609,POLÍTICAS EDUCACIONAIS NO BRASIL,default
44985,PRÁTICA DE ENSINO: ESPAÇOS ALTERNATIVOS,default
43621,QUÍMICA GERAL,default
45061,FÍSICA GERAL,default
45065,IDENTIDADE DO PROFISSIONAL PROFESSOR,default
45062,LABORATÓRIO DE FÍSICA GERAL,default
45064,PRÁTICA DE ENSINO: PROJETOS DE ENSINO,default
43600,CONCEPÇÕES DO PROCESSO ENSINO APRENDIZAGEM,default
45066,"FLUÍDOS, OSCILAÇÕES E CALOR",default
45067,"LABORATÓRIO DE FLUÍDOS, OSCILAÇÕES E CALOR",default
45072,MATEMÁTICA FINANCEIRA,default
45068,PRÁTICA DE ENSINO: LABORATÓRIO DIDÁTICO,default
45071,PRÁTICA DE ENSINO: SOFTWARES EDUCATIVOS,default
45083,FÍSICA MODERNA,default
43623,"PLANEJAMENTO, DESENVOLVIMENTO E AVALIAÇÃO DO PROCESSO DIDÁTICO",default
49305,INTRODUÇÃO À ENGENHARIA,default
49303,LABORATÓRIO DE QUÍMICA GERAL,default
49302,QUÍMICA GERAL,default
45901,SISTEMAS DIGITAIS,default
46019,LABORATÓRIO DE SISTEMAS EMBUTIDOS MICROPROCESSADOS,default
45960,DESENHO MECÂNICO,default
45899,LABORATÓRIO DE PROGRAMAÇÃO DE COMPUTADORES II,default
45900,PROGRAMAÇÃO DE COMPUTADORES II,default
45895,CIÊNCIA DOS MATERIAIS,default
45744,REDAÇÃO TÉCNICA,default
45924,ECONOMIA,default
45926,SEGURANÇA DO TRABALHO,default
46605,EXPRESSÃO GRÁFICA I,default
43191,METODOLOGIA CIENTÍFICA E TECNOLÓGICA,default
50489,INTRODUÇÃO À ENGENHARIA DE COMPUTAÇÃO,default
47416,FUNDAMENTOS DE JOGOS DIGITAIS,default
47420,FUNDAMENTOS DE MATEMÁTICA I,default
47418,PRODUÇÃO E EDIÇÃO DE ÁUDIO,default
47415,ROTEIRO E NARRATIVAS,default
47421,SEMINÁRIOS I,default
42573,INTRODUÇÃO À ENGENHARIA ELETRÔNICA E DE TELECOMUNICAÇÃO,default
45896,CIÊNCIAS DO AMBIENTE,default
41710,SEMINÁRIO I,default
45897,CIRCUITOS ELÉTRICOS I,default
46026,PROJETO ASSISTIDO POR COMPUTADOR,default
45912,ELETRÔNICA I,default
45950,LABORATÓRIO DE ELETRÔNICA I,default
41717,SEMINÁRIO II,default
43606,ALGEBRA LINEAR,default
38208,DESENHO TÉCNICO,default
45892,CÁLCULO IV,default
45906,CIRCUITOS ELÉTRICOS II,default
45909,LABORATÓRIO DE CIRCUITOS ELÉTRICOS,default
46018,SISTEMAS EMBUTIDOS MICROPROCESSADOS,default
45914,LABORATÓRIO DE INFORMÁTICA INDUSTRIAL I,default
45949,LABORATÓRIO DE SINAIS E SISTEMAS,default
45928,MÉTODOS E TÉCNICAS DE MEDIÇÃO,default
47726,SINAIS E SISTEMAS,default
45931,LABORATÓRIO DE INSTRUMENTAÇÃO,default
45753,LABORATÓRIO DE PROGRAMAÇÃO APLICADA À ENGENHARIA QUÍMICA,default
47359,CÁLCULO II (Virtual),default
47066,ESTATÍSTICA E PROBABILIDADE,default
47064,CÁLCULO III,default
48047,EMPREENDEDORISMO E PLANO DE NEGÓCIOS,default
45534,BIOQUÍMICA INDUSTRIAL,default
45321,INTRODUÇÃO AOS PROCESSOS QUÍMICOS E BIOQUÍMICOS,default
45756,LABORATÓRIO DE QUÍMICA ORGÂNICA,default
45538,QUÍMICA INORGÂNICA E AMBIENTAL,default
45537,QUÍMICA ORGÂNICA I,default
45956,FISICA GERAL II,default
45957,LABORATÓRIO DE FÍSICA GERAL II,default
45846,LABORATÓRIO DE QUÍMICA ANALÍTICA,default
46011,LABORATÓRIO DE QUÍMICA ORGÂNICA E BIOQUÍMICA,default
45845,QUÍMICA ANALÍTICA,default
46074,EXPRESSÃO GRÁFICA I,default
46012,LABORATÓRIO DE ANÁLISE  INSTRUMENTAL,default
45553,MICROBIOLOGIA INDUSTRIAL,default
49289,ALGORITMOS E ESTRUTURAS DE DADOS I,default
49290,DESENVOLVIMENTO DE INTERFACES WEB,default
49287,FUNDAMENTOS DE ENGENHARIA DE SOFTWARE,default
49291,INTRODUÇÃO À COMPUTAÇÃO,default
49292,LABORATÓRIO DE COMPUTAÇÃO I,default
49293,TRABALHO INTERDISCIPLINAR DE SOFTWARE I,default
49766,ALGORITMOS E ESTRUTURAS DE DADOS II,default
49767,ARQUITETURA DE COMPUTADORES,default
49770,LABORATÓRIO DE COMPUTAÇÃO II,default
49768,MODELAGEM DE PROCESSOS DE NEGÓCIOS,default
49771,TRABALHO INTERDISCIPLINAR DE SOFTWARE II,default
50295,CIÊNCIAS DO AMBIENTE,default
50287,DESENHO AUXILIADO POR COMPUTADOR,default
45722,INTRODUÇÃO À ENGENHARIA ELÉTRICA,default
49578,GEOMETRIA ANALÍTICA,default
49261,EVOLUÇÃO DAS IDEIAS DA FÍSICA E DA MATEMÁTICA,default
49262,FUNDAMENTOS DE QUÍMICA,default
47819,"FUNDAMENTOS HISTÓRICOS, FILOSÓFICOS E SOCIOLÓGICOS DA EDUCAÇÃO (Virtual)",default
49263,PRÁTICA DE ENSINO: COLÓQUIOS EM FÍSICA E MATEMÁTICA,default
49577,FUNDAMENTOS DE MATEMÁTICA I,default
49580,GEOMETRIA PLANA E CONSTRUÇÕES GEOMÉTRICAS I,default
49581,PRÁTICA DE ENSINO: LEITURA E ESCRITA EM FÍSICA E MATEMÁTICA,default
49579,TRIGONOMETRIA,default
51812,SPECIAL TOPICS IN INFORMATION SYSTEMS: RELEASE ENGINEERING (Virtual),default
47063,ARQUITETURA DE COMPUTADORES III,default
47055,ALGORITMOS E ESTRUTURAS DE DADOS III,default
47062,ALGORITMOS EM GRAFOS,default
47067,PROCESSAMENTO DE IMAGENS DIGITAIS,default
47080,BANCOS DE DADOS,default
47079,COMPUTAÇÃO GRÁFICA,default
47073,LINGUAGENS DE PROGRAMAÇÃO,default
51854,COMPUTAÇÃO PARALELA - A (Virtual),default
51855,COMPUTAÇÃO PARALELA - B,default
50558,ANATOMIA VETERINÁRIA I,default
44920,CITOLOGIA E HISTOLOGIA GERAL,default
44922,INTRODUÇÃO À MEDICINA VETERINÁRIA,default
44921,METODOLOGIA DO TRABALHO CIENTÍFICO I,default
50559,ANATOMIA VETERINÁRIA II,default
38651,FISIOLOGIA VETERINÁRIA I,default
38698,GENÉTICA ANIMAL,default
44924,HISTOLOGIA VETERINÁRIA,default
38696,MÉTODOS DE ANÁLISE ESTATÍSTICA,default
44923,BIOQUÍMICA VETERINÁRIA,default
44925,EMBRIOLOGIA VETERINÁRIA,default
38707,EPIDEMIOLOGIA,default
39758,LEITURA E PRODUÇÃO DE TEXTOS,default
39762,METODOLOGIA CIENTÍFICA E TECNOLÓGICA,default
46512,MATERIAIS DE CONSTRUÇÃO CIVIL I,default
46513,MATERIAIS DE CONSTRUÇÃO CIVIL II,default
47828,LÍNGUA INGLESA: LEITURA E ESCRITA,default
40563,COMPUTADORES E SOCIEDADE,default
48308,CALCULO III,default
45650,INTRODUÇÃO À ENGENHARIA DE COMPUTAÇÃO,default
39751,LABORATÓRIO DE ALGORITMOS E ESTRUTURA DE DADOS I,default
43776,MATEMÁTICA DISCRETA I,default
45684,FUNDAMENTOS DE ADMINISTRAÇÃO,default
44557,INTRODUÇÃO À COMPUTAÇÃO,default
45378,MATEMÁTICA DISCRETA,default
44555,ALGORITMOS E TÉCNICAS DE PROGRAMAÇÃO,default
48153,LABORATÓRIO DE ALGORITMOS E TÉCNICAS DE PROGRAMAÇÃO,default
48156,ARQUITETURA DE COMPUTADORES,default
50490,FUNDAMENTOS DE SISTEMAS DE INFORMAÇÃO,default
48155,LABORATÓRIO DE PROGRAMAÇÃO ORIENTADA POR OBJETOS,default
48154,PROGRAMAÇÃO ORIENTADA POR OBJETOS,default
46075,LABORATÓRIO DE PROGRAMAÇÃO APLICADA À ENGENHARIA CIVIL,default
48356,FÍSICA GERAL I (Virtual),default
43583,CÁLCULO DIFERENCIAL E INTEGRAL I,default
48313,LABORATÓRIO DE FÍSICA GERAL II,default
43829,MATEMÁTICA FINANCEIRA,default
38869,PSICOLOGIA DA APRENDIZAGEM,default
38269,SOCIOLOGIA,default
43611,ESTATÍSTICA E PROBABILIDADE,default
45063,QUÍMICA GERAL,default
49304,ALGORITMOS PARA ENGENHARIA I,default
49306,DESENHO MECÂNICO,default
49266,ADMINISTRAÇÃO GERAL,default
49265,CONTABILIDADE GERAL,default
49267,INSTITUIÇÕES DE DIREITO,default
49268,METODOLOGIA APLICADA A ÁREA GERENCIAL,default
47312,MICROECONOMIA,default
49528,DIREITO EMPRESARIAL,default
47112,ESTATÍSTICA BÁSICA,default
49527,ESTRUTURA CONCEITUAL CONTÁBIL,default
45649,ALGORITMOS E ESTRUTURAS DE DADOS I,default
45353,CÁLCULO I,default
45355,CÁLCULO II,default
39869,LABORATÓRIO DE ALGORITMOS E ESTRUTURAS DE DADOS II,default
44322,MATEMÁTICA DISCRETA II,default
44323,ARQUITETURA E ORGANIZAÇÃO DE COMPUTADORES I,default
45358,CÁLCULO III,default
45651,ALGORITMOS E ESTRUTURAS DE DADOS II,default
44716,QUÍMICA EXPERIMENTAL,default
47235,ANTROPOLOGIA,default
47233,ECONOMIA,default
47234,FORMAÇÃO DO MUNDO CONTEMPORÂNEO,default
47231,INTRODUÇÃO A ESTUDO DO DIREITO I,default
47236,METODOLOGIA DO TRABALHO CIENTÍFICO,default
47232,SOCIOLOGIA,default
47239,DIREITO PENAL I,default
47237,INTRODUÇÃO AO ESTUDO DO DIREITO II,default
47241,POLÍTICA,default
47238,TEORIA GERAL DO DIREITO,default
47240,TEORIA GERAL DO ESTADO,default
47246,DIREITO ROMANO E HISTÓRIA DO DIREITO,default
48883,DIREITOS HUMANOS E FUNDAMENTAIS,default
50294,QUÍMICA GERAL,default
45927,LABORATÓRIO DE FENÔMENO DE TRANSPORTES,default
45913,INFORMÁTICA INDUSTRIAL I,default
50299,INTRODUÇÃO À ENGENHARIA MECÂNICA,default
50288,LABORATÓRIO DE QUÍMICA GERAL,default
50358,ALGORITMOS PARA ENGENHARIA,default
50360,DESENHO MECÂNICO APLICADO,default
50361,FÍSICA GERAL I,default
50363,SEMINÁRIOS I,default
50366,ANÁLISE ESTRUTURAL,default
50367,CIÊNCIA DOS MATERIAIS,default
50362,LABORATÓRIO DE FÍSICA GERAL I,default
45322,INTRODUÇÃO A ENGENHARIA QUÍMICA,default
47091,TÓPICOS EM COMPUTAÇÃO,default
49301,GEOMETRIA ANALÍTICA I,default
49582,DIDÁTICA: FUNDAMENTOS DA PRÁTICA DOCENTE,default
45073,LÍNGUA BRASILEIRA DE SINAIS,default
49592,POLÍTICAS PÚBLICAS DE EDUCAÇÃO,default
49586,PRÁTICA DE ENSINO: ESPAÇOS ALTERNATIVOS PARA O ENSINO DE MATEMÁTICA,default
49597,PSICOLOGIA DO DESENVOLVIMENTO E DA APRENDIZAGEM,default
44324,LABORATÓRIO DE ARQUITETURA E ORGANIZAÇÃO DE COMPUTADORES I,default
44325,LABORATÓRIO DE ARQUITETURA E ORGANIZAÇÃO DE COMPUTADORES II,default
39898,CIÊNCIAS DO AMBIENTE,default
50484,FUNDAMENTOS MATEMÁTICOS PARA COMPUTAÇÃO,default
50138,INTRODUÇÃO À ADMINISTRAÇÃO,default
47070,SISTEMAS OPERACIONAIS,default
47081,LABORATÓRIO DE PROJETO DE SISTEMAS,default
47090,SEGURANÇA E AUDITORIA DE SISTEMAS,default
43414,INTELIGÊNCIA ARTIFICIAL (Virtual),default
47092,MODELAGEM E AVALIAÇÃO DE DESEMPENHO,default
46877,LÍNGUA BRASILEIRA DE SINAIS (Virtual),default
47069,PROJETO E ANÁLISE DE ALGORITMOS,default
47071,TEORIA DE LINGUAGENS,default
47075,COMPUTAÇÃO PARALELA,default
47076,REDES DE COMPUTADORES I,default
47077,COMPILADORES,default
47082,RECUPERAÇÃO DE INFORMAÇÃO,default
47083,OTIMIZAÇÃO DE SISTEMAS,default
47084,INTELIGÊNCIA ARTIFICIAL,default
47085,REDES DE COMPUTADORES II,default
47086,LABORATÓRIO DE REDES E SISTEMAS OPERACIONAIS,default
47087,TRABALHO DE CONCLUSÃO DE CURSO I,default
47088,SEMINÁRIOS III,default
47089,COMPUTAÇÃO DISTRIBUÍDA,default
47093,TRABALHO DE CONCLUSÃO DE CURSO II,default
47094,SEMINÁRIOS IV,default
49917,ASTRONOMIA,default
47832,DIDÁTICA: FUNDAMENTOS DA PRÁTICA DOCENTE,default
49916,FUNDAMENTOS DE FÍSICA,default
45076,MATEMÁTICA DISCRETA,default
36936,ÁLGEBRA LINEAR,default
36717,CÁLCULO I,default
36718,GEOMETRIA ANALÍTICA,default
32616,INTRODUÇÃO À ENGENHARIA ELETRÔNICA E DE TELECOMUNICAÇÃO,default
36722,LABORATÓRIO DE PROGRAMAÇÃO DE COMPUTADORES I,default
36721,PROGRAMAÇÃO DE COMPUTADORES I,default
36760,FÍSICA GERAL I,default
36770,LABORATÓRIO DE FÍSICA GERAL I,default
36944,LABORATÓRIO DE SISTEMAS DIGITAIS,default
48296,GEOMETRIA ANALÍTICA,default
29834,ALGORITMOS E ESTRUTURAS DE DADOS I,default
29838,INTRODUÇÃO À CIÊNCIA DA COMPUTAÇÃO,default
29608,SEMINÁRIOS I,default
40533,ALGORITMOS E ESTRUTURAS DE DADOS II,default
40536,ARQUITETURA DE COMPUTADORES I,default
40356,SEMINÁRIOS II,default
40350,ARQUITETURA DE COMPUTADORES II,default
40357,SEMINÁRIOS III,default
40556,ENGENHARIA DE SOFTWARE I,default
40540,LINGUAGENS DE PROGRAMAÇÃO,default
40564,EMPREENDEDORISMO,default
40359,SEMINÁRIOS V,default
46773,PROBABILIDADE E ESTATÍSTICA (Virtual),default
29835,GEOMETRIA ANALÍTICA,default
29609,SEMINÁRIOS II,default
48301,CÁLCULO II,default
29837,MATEMÁTICA DISCRETA I,default
29610,SEMINÁRIOS III,default
40358,SEMINÁRIOS IV,default
40538,ALGEBRA LINEAR,default
40526,ALGORITMOS E ESTRUTURAS DE DADOS I,default
40353,BANCOS DE DADOS,default
40558,COMPUTAÇÃO GRÁFICA,default
40537,ESTATÍSTICA E PROBABILIDADE,default
40534,FÍSICA PARA COMPUTAÇÃO,default
40527,GEOMETRIA ANALÍTICA,default
40539,GRAFOS E TEORIA DA COMPLEXIDADE,default
40542,INICIAÇÃO À PESQUISA EM CIÊNCIA DA COMPUTAÇÃO,default
40555,INTERAÇÃO HOMEM COMPUTADOR,default
40530,INTRODUÇÃO À CIÊNCIA DA COMPUTAÇÃO,default
40545,MATEMÁTICA COMPUTACIONAL,default
40529,MATEMÁTICA DISCRETA I,default
40352,MATEMÁTICA DISCRETA II,default
40354,PROJETO E ANÁLISE DE ALGORITMOS,default
40559,REDES DE COMPUTADORES II,default
40355,SEMINÁRIOS I,default
40562,TÓPICOS EM COMPUTAÇÃO I,default
40349,ALGORITMOS E ESTRUTURAS DE DADOS III,default
40360,SEMINÁRIOS VI,default
40546,SISTEMAS OPERACIONAIS,default
40541,PROCESSAMENTO DE IMAGENS DIGITAIS,default
40677,ARQUITETURA DE COMPUTADORES III,default
40548,ENGENHARIA SOFTWARE II,default
40535,TEORIAS DE LINGUAGENS,default
40557,PROGRAMAÇÃO CONCORRENTE E DISTRIBUÍDA,default
40554,REDES DE COMPUTADORES I,default
40678,ENGENHARIA DE SOFTWARE III,default
40560,SEGURANÇA E AUDITORIA DE SISTEMAS,default
29841,ALGORITMOS E ESTRUTURAS DE DADOS II,default
29840,CULTURA RELIGIOSA I,default
29842,FÍSICA PARA COMPUTAÇÃO,default
29611,SEMINÁRIOS IV,default
29850,INICIAÇÃO À PESQUISA EM CIÊNCIA DA COMPUTAÇÃO,default
29605,MATEMÁTICA DISCRETA II,default
26029,ANÁLISE VETORIAL E GEOMETRIA ANALÍTICA (AVGA) (Virtual),default
29844,ARQUITETURA DE COMPUTADORES I,default
29612,SEMINÁRIOS V,default
46918,INTERAÇÃO HOMEM-COMPUTADOR (Virtual),default
44332,OTIMIZAÇÃO DE SISTEMAS,default
46857,REDES DE COMPUTADORES (Virtual),default
40528,CÁLCULO DIFERENCIAL E INTEGRAL I,default
40351,CÁLCULO DIFERENCIAL E INTEGRAL II,default
40547,COMPILADORES,default
40361,SEMINÁRIOS VII,default
41923,TRABALHO DE DIPLOMAÇÃO I,default
40362,SEMINÁRIOS VIII,default
40561,TÓPICOS EM COMPUTAÇÃO II,default
40565,MODELAGEM E AVALIAÇÃO DE DESEMPENHO,default
41924,TRABALHO DE DIPLOMAÇÃO II,default
50168,FILOSOFIA: ANTROPOLOGIA E ÉTICA,default
48110,EMPREENDEDORISMO E PLANO DE NEGÓCIOS (Virtual),default
18542,ALGORITMOS E ESTRUTURAS DE DADOS I,default
18545,FILOSOFIA I,default
18548,INTRODUÇÃO À ENGENHARIA DE COMPUTAÇÃO,default
18543,LABORATÓRIO DE ALGORITMOS E ESTRUTURA DE DADOS I,default
18549,SEMINÁRIOS I,default
18794,LABORATÓRIO DE ALGORITMOS E ESTRUTURAS DE DADOS II,default
18793,ALGORITMOS E ESTRUTURAS DE DADOS II,default
18815,INTRODUÇÃO À PESQUISA EM ENGENHARIA DE COMPUTAÇÃO,default
18810,SEMINÁRIOS III,default
18820,SEMINÁRIOS IV,default
29025,BANCOS DE DADOS,default
29032,FILOSOFIA II,default
29013,LABORATÓRIO DE SISTEMAS LÓGICOS,default
29047,CULTURA RELIGIOSA I,default
36589,ALGORITMOS E ESTRUTURAS DE DADOS III,default
29015,ARQUITETURA E ORGANIZAÇÃO DE COMPUTADORES I,default
29016,LABORATÓRIO DE ARQUITETURA E ORGANIZAÇÃO DE COMPUTADORES,default
29024,ARQUITETURA E ORGANIZAÇÃO DE COMPUTADORES II,default
29054,COMPUTADORES E SOCIEDADE,default
36239,CONCEITOS E PARADIGMAS DE LINGUAGENS DE PROGRAMAÇÃO,default
29037,LABORATÓRIO DE SISTEMAS OPERACIONAIS,default
29036,SISTEMAS OPERACIONAIS,default
39922,LABORATÓRIO DE REDES DE COMPUTADORES,default
45643,REDES DE COMPUTADORES,default
45645,SISTEMAS DISTRIBUÍDOS,default
39920,PROCESSAMENTO DIGITAL DE IMAGENS,default
44326,ALGORITMOS EM GRAFOS,default
18800,QUÍMICA EXPERIMENTAL,default
18801,SEMINÁRIOS II,default
18806,DESENHO,default
18799,QUÍMICA,default
29017,CIÊNCIAS DO AMBIENTE,default
28823,FUNDAMENTOS MATEMÁTICOS PARA COMPUTAÇÃO,default
29023,SEMINÁRIOS V,default
29012,SISTEMAS LÓGICOS,default
29048,ENGENHARIA DE SOFTWARE,default
29871,COMPUTADORES E SOCIEDADE,default
51874,MATEMÁTICA DISCRETA,default
47523,DISCIPLINA DO GRUPO TEMÁTICO I - LEITURA E ESCRITA,default
43949,HISTÓRIA DAS CIVILIZAÇÕES ORIENTAIS,default
47538,HISTÓRIA E CULTURA AFRODESCENDENTE E INDÍGENA,default
47540,INTRODUÇÃO AO ESTUDO DA HISTÓRIA,default
47529,LABORATÓRIOS DE PRÁTICAS DE PESQUISA: MEMÓRIA E IDENTIDADE,default
47537,METODOLOGIA DE PESQUISA: MEMÓRIA E IDENTIDADE,default
47522,"SEMINÁRIO DE INTEGRAÇÃO CURRICULAR COMUM: IDENTIDADE, TEMPO E ESPAÇO",default
34276,FUNDAMENTOS DE CÁLCULO,default
34275,GEOMETRIA ANALÍTICA,default
28825,INTRODUÇÃO À ENGENHARIA DE COMPUTAÇÃO,default
34277,MATEMÁTICA DISCRETA I,default
34849,CÁLCULO I,default
34853,LABORATÓRIO DE ARQUITETURA E ORGANIZAÇÃO DE COMPUTADORES I,default
36234,CÁLCULO III,default
29845,ESTATÍSTICA E PROBABILIDADE,default
35367,QUÍMICA,default
35368,QUÍMICA EXPERIMENTAL,default
28992,FÍSICA EXPERIMENTAL I,default
36586,ALGORITMOS E ESTRUTURAS DE DADOS I,default
28820,LABORATÓRIO DE ALGORITMOS E ESTRUTURA DE DADOS I,default
46711,GEOMETRIA ANALÍTICA,default
48292,CALCULO I,default
47360,ESTATÍSTICA E PROBABILIDADE (Virtual),default
47432,COMPUTAÇÃO GRÁFICA,default
48096,FILOSOFIA: ANTROPOLOGIA E ÉTICA (Virtual),default
45356,ESTATÍSTICA E PROBABILIDADE,default
44715,QUÍMICA,default
29836,CÁLCULO DIFERENCIAL E INTEGRAL I,default
19577,SEMINÁRIOS I,default
19578,SEMINÁRIOS II,default
45656,FILOSOFIA: RAZÃO E MODERNIDADE (Virtual),default
19579,SEMINÁRIOS III,default
16293,ARQUITETURA DE COMPUTADORES II,default
16305,BANCOS DE DADOS I,default
16313,BANCOS DE DADOS II,default
16300,COMPILADORES,default
16309,COMPUTAÇÃO GRÁFICA,default
16318,COMPUTADORES E SOCIEDADE,default
16319,EMPREENDEDORISMO,default
16307,ENGENHARIA DE SOFTWARE,default
16291,GRAFOS E TEORIA DA COMPLEXIDADE,default
16303,INTELIGÊNCIA ARTIFICIAL,default
16294,PROCESSAMENTO DE IMAGENS DIGITAIS,default
16308,PROGRAMAÇÃO CONCORRENTE E DISTRIBUÍDA,default
16311,PROGRAMAÇÃO ORIENTADA POR OBJETOS,default
16302,PROJETO DE SISTEMAS,default
16304,REDES DE COMPUTADORES I,default
16310,REDES DE COMPUTADORES II,default
16299,SISTEMAS OPERACIONAIS,default
16316,TÓPICOS EM SISTEMAS DE INFORMAÇÃO,default
16228,ALGORITMOS E ESTRUTURAS DE DADOS I,default
16233,FILOSOFIA I,default
16232,INTRODUÇÃO À CIÊNCIA DA COMPUTAÇÃO,default
16231,MATEMÁTICA DISCRETA,default
16271,ALGORITMOS E ESTRUTURAS DE DADOS II,default
16230,CÁLCULO DIFERENCIAL E INTEGRAL I,default
16274,CULTURA RELIGIOSA I,default
16288,ESTATÍSTICA E PROBABILIDADE,default
16229,GEOMETRIA ANALÍTICA,default
16295,INICIAÇÃO À PESQUISA EM CIÊNCIA DA COMPUTAÇÃO,default
16273,INTRODUÇÃO AOS SISTEMAS LÓGICOS,default
16289,ÁLGEBRA LINEAR,default
16276,ALGORITMOS E ESTRUTURAS DE DADOS III,default
16287,ARQUITETURA DE COMPUTADORES I,default
16277,TEORIA DE LINGUAGENS,default
16296,CULTURA RELIGIOSA II,default
16292,LINGUAGENS DE PROGRAMAÇÃO,default
16297,ANÁLISE DE SISTEMAS,default
16301,FILOSOFIA II,default
29847,GRAFOS E TEORIA DA COMPLEXIDADE,default
29606,BANCOS DE DADOS,default
29855,COMPILADORES,default
20069,COMPLEMENTAÇÃO BANCO DE DADOS II,default
29849,PROCESSAMENTO DE IMAGENS DIGITAIS,default
34915,COMPLEMENTAÇÃO ARQUITETURA DE COMPUTADORES II,default
29866,COMPUTAÇÃO GRÁFICA,default
30049,ARQUITETURA DE COMPUTADORES III,default
29872,EMPREENDEDORISMO,default
29856,ENGENHARIA SOFTWARE II,default
29862,REDES DE COMPUTADORES I,default
29854,SISTEMAS OPERACIONAIS,default
40553,INTELIGÊNCIA ARTIFICIAL,default
48159,CÁLCULO II,default
45372,COMPUTADORES E SOCIEDADE,default
16272,CÁLCULO DIFERENCIAL E INTEGRAL II,default
16275,FÍSICA EXPERIMENTAL PARA COMPUTAÇÃO,default
16290,ALGORITMOS RECURSIVOS,default
16298,MATEMÁTICA COMPUTACIONAL,default
16306,INTERAÇÃO HOMEM COMPUTADOR,default
16312,TRABALHO DE DIPLOMAÇÃO I,default
16314,SEGURANÇA E AUDITORIA DE SISTEMAS,default
16315,TÓPICOS EM TECNOLOGIA DA COMPUTAÇÃO,default
16317,TRABALHO DE DIPLOMAÇÃO II,default
16320,MODELAGEM E AVALIAÇÃO DE DESEMPENHO,default
29604,CÁLCULO DIFERENCIAL E INTEGRAL II,default
29846,ALGEBRA LINEAR,default
34850,MATEMÁTICA DISCRETA II,default
29607,PROJETO E ANÁLISE DE ALGORITMOS,default
29602,ALGORITMOS E ESTRUTURAS DE DADOS III,default
29603,ARQUITETURA DE COMPUTADORES II,default
29839,FILOSOFIA I,default
27403,CÁLCULO I (Virtual),default
29864,ENGENHARIA DE SOFTWARE I,default
29851,CULTURA RELIGIOSA II,default
29863,INTERAÇÃO HOMEM COMPUTADOR,default
33836,SEGURANÇA E AUDITORIA DE SISTEMAS (Virtual),default
29613,SEMINÁRIOS VI,default
29848,LINGUAGENS DE PROGRAMAÇÃO,default
29614,SEMINÁRIOS VII,default
31275,TÓPICOS ESPECIAIS EM INFORMÁTICA I: DESENVOLVIMENTO DE PÁGINAS WEB (Virtual),default
29873,MODELAGEM E AVALIAÇÃO DE DESEMPENHO,default
29615,SEMINÁRIOS VIII,default
28450,TÓPICOS ESPECIAIS - MARKETING NA INTERNET E COMÉRCIO ELETRÔNICO (Virtual),default
45745,INTRODUÇÃO À ENGENHARIA MECÂNICA,default
19841,CULTURA RELIGIOSA I,default
19839,INTRODUÇÃO À CIÊNCIA DA COMPUTAÇÃO,default
29852,FILOSOFIA II,default
45647,ADMINISTRAÇÃO E EMPREENDEDORISMO,default
47514,LEITURA E PRODUÇÃO DE TEXTOS (Virtual),default
13336,FILOSOFIA I,default
25640,CULTURA RELIGIOSA II,default
13337,INTRODUÇÃO À PESQUISA EM FILOSOFIA,default
13338,LEITURA E PRODUÇÃO DE SENTIDO I,default
13339,LÓGICA,default
13341,PSICOLOGIA,default
35477,ANTROPOLOGIA CULTURAL E EDUCAÇÃO,default
50368,EQUAÇÕES DIFERENCIAIS,default
51011,LABORATÓRIO DE FÍSICA GERAL III,default
50970,PROGRAMAÇÃO APLICADA,default
,,default
